{
	"partitions" : [
		{
			"name" : "Top",
			"pins" : [
				{
					"name" : "SAMPLE_FREQ",
					"strict" : false
				},
				{
					"name" : "N_CS",
					"strict" : false
				},
				{
					"name" : "SDO",
					"strict" : false
				},
				{
					"name" : "SCLK",
					"strict" : false
				},
				{
					"name" : "MUX_LINE[0]",
					"strict" : false
				},
				{
					"name" : "MUX_LINE[1]",
					"strict" : false
				},
				{
					"name" : "MUX_LINE[2]",
					"strict" : false
				},
				{
					"name" : "BTN_DATA_OUT",
					"strict" : false
				},
				{
					"name" : "BTN_IRQ",
					"strict" : false
				},
				{
					"name" : "CLK_10MHZ",
					"strict" : false
				},
				{
					"name" : "CLK_IN_BU",
					"strict" : false
				},
				{
					"name" : "DIN",
					"strict" : false
				},
				{
					"name" : "CLK_IN",
					"strict" : false
				},
				{
					"name" : "MUX_DATA_IN_0_7",
					"strict" : false
				},
				{
					"name" : "MUX_DATA_IN_8_15",
					"strict" : false
				}
			]
		}
	]
}